Category,Y1,Y2,Y3,Y4,Y5
REVENUE,,,,,
Platform Licenses,600000,3200000,12000000,32000000,65000000
SaaS Subscriptions,900000,4800000,18000000,42000000,47000000
Professional Services,500000,3500000,10000000,18000000,28000000
Support & Maintenance,150000,900000,3500000,9000000,22000000
Training & Certification,100000,600000,2000000,5000000,9000000
Data Marketplace,50000,400000,1500000,4000000,9000000
Hardware Appliance,100000,600000,2000000,6000000,6000000
Total Revenue,2400000,14000000,49000000,116000000,186000000
YoY Growth,,483%,250%,137%,60%
,,,,,
GROSS PROFIT,,,,,
Gross Profit,1800000,10920000,38220000,90480000,145080000
Gross Margin,75%,78%,78%,78%,78%
,,,,,
OPERATING EXPENSES,,,,,
Personnel,3200000,7500000,16000000,28000000,42000000
Infrastructure,400000,1200000,3500000,7000000,10000000
R&D / Kernels,800000,2000000,4500000,7000000,9000000
Sales & Marketing,600000,2500000,6000000,12000000,18000000
Prof Services Delivery,350000,2500000,7000000,12000000,18000000
G&A / Legal / Compliance,300000,800000,1800000,3000000,4500000
Total OpEx,5650000,16500000,38800000,69000000,101500000
,,,,,
EBITDA,,,,,
EBITDA,-3850000,-5580000,-580000,21480000,43580000
EBITDA Margin,-160%,-40%,-1.2%,18.5%,23.4%
,,,,,
NET INCOME,,,,,
Net Income,-4200000,-6500000,-1800000,14000000,32000000
Net Margin,-175%,-46%,-3.7%,12.1%,17.2%
Cumulative P&L,-4200000,-10700000,-12500000,1500000,33500000
,,,,,
HEADCOUNT,,,,,
Engineering,12,28,55,85,110
Sales & Marketing,4,10,22,35,45
Professional Services,3,8,18,28,35
G&A / Support,3,6,12,18,22
Total,22,52,107,166,212
,,,,,
CUSTOMERS,,,,,
Enterprise Customers,4,18,52,110,180
Sovereign Customers,0,1,3,7,12
Avg Revenue per Customer,600000,778000,942000,1050000,1030000
Logo Churn,5%,4%,3%,3%,2%
,,,,,
UNIT ECONOMICS (Y5),,,,,
CAC,180000,,,,,
LTV,4200000,,,,,
LTV:CAC,23,,,,,
Payback Months,14,,,,,
NRR,125%,,,,,
Magic Number,0.85,,,,,
,,,,,
FUNDING,,,,,
Round,Pre-Seed,Seed,Series A,Series B,Series C
Amount,500000,2500000,8000000,25000000,60000000
Valuation (Pre),3000000,12000000,45000000,180000000,600000000
Cumulative,500000,3000000,11000000,36000000,96000000
Monthly Burn,80000,200000,450000,900000,1800000
Runway (months),6,15,24,40,53
,,,,,
EXIT,,,,,
Exit Valuation Low,1200000000,,,,,
Exit Valuation High,2400000000,,,,,
Blended Multiple,13x,,,,,
Blended Valuation,2420000000,,,,,
